id,Age,Sex,BP,Cholesterol,FBS over 120,Max HR,Exercise angina,ST depression,Number of vessels fluro,Chest pain type_1,Chest pain type_2,Chest pain type_3,Chest pain type_4,EKG results_0,EKG results_1,EKG results_2,Thallium_3,Thallium_6,Thallium_7,Slope of ST_1,Slope of ST_2,Slope of ST_3,Heart Disease Prediction,Probability_No,Probability_Yes,0,1,2,3,4,5,6,7,8,9,10,11,12,13,14,15,16,17,18,19,20,21,22
1.0,25.0,1.0,120.0,200.0,0.0,150.0,0.0,1.0,0.0,1.0,0.0,0.0,0.0,1.0,0.0,0.0,1.0,0.0,0.0,1.0,0.0,0.0,0,0.963648934240575,0.036351065759425,,,,,,,,,,,,,,,,,,,,,,,
1.0,25.0,1.0,120.0,200.0,0.0,150.0,0.0,1.0,0.0,1.0,0.0,0.0,0.0,1.0,0.0,0.0,1.0,0.0,0.0,1.0,0.0,0.0,0,0.963648934240575,0.036351065759425,,,,,,,,,,,,,,,,,,,,,,,
8.0,32.0,1.0,120.0,200.0,0.0,150.0,0.0,1.0,0.0,,,1.0,,1.0,,,,,1.0,,,1.0,1,0.0785057950043811,0.9214942049956188,0.0,0.0,0.0,0.0,0.0,0.0,0.0,0.0,0.0,0.0,0.0,0.0,0.0,0.0,0.0,0.0,0.0,0.0,0.0,0.0,0.0,0.0,0.0
13.0,37.0,0.0,125.0,205.0,1.0,154.0,0.0,1.09,2.0,,,1.0,,1.0,,,,,1.0,,,1.0,1,0.0785057950043811,0.9214942049956188,0.0,0.0,0.0,0.0,0.0,0.0,0.0,0.0,0.0,0.0,0.0,0.0,0.0,0.0,0.0,0.0,0.0,0.0,0.0,0.0,0.0,0.0,0.0
3.0,23.0,0.0,170.0,467.0,1.0,160.0,1.0,7.0,2.0,,,1.0,,,,1.0,1.0,,,,,1.0,1,0.0785057950043811,0.9214942049956188,0.0,0.0,0.0,0.0,0.0,0.0,0.0,0.0,0.0,0.0,0.0,0.0,0.0,0.0,0.0,0.0,0.0,0.0,0.0,0.0,0.0,0.0,0.0
14.0,7.0,1.0,190.0,380.0,1.0,100.0,0.0,1.0,1.0,1.0,,,,1.0,,,1.0,,,1.0,,,1,0.07850579500438115,0.9214942049956188,0.0,0.0,0.0,0.0,0.0,0.0,0.0,0.0,0.0,0.0,0.0,0.0,0.0,0.0,0.0,0.0,0.0,0.0,0.0,0.0,0.0,0.0,0.0
